domain,proto,cloudflare,replit,official,locale
libredd.it,https,false,true,true,US
libreddit.spike.codes,https,false,true,true,US
libreddit.dothq.co,https,false,true,false,US
libreddit.kavin.rocks,https,true,false,false,IN
libreddit.bcow.xyz,https,false,false,false,US
libreddit.40two.app,https,false,false,false,NL
reddit.invak.id,https,false,false,false,BG
reddit.phii.me,https,false,false,false,US
lr.riverside.rocks,https,false,false,false,US
libreddit.silkky.cloud,https,false,false,false,FI
libreddit.database.red,https,true,false,false,US
libreddit.exonip.de,https,false,false,false,DE
libreddit.domain.glass,https,true,false,false,US
spjmllawtheisznfs7uryhxumin26ssv2draj7oope3ok3wuhy43eoyd.onion,onion,false,false,false,IN
fwhhsbrbltmrct5hshrnqlqygqvcgmnek3cnka55zj4y7nuus5muwyyd.onion,onion,false,false,false,DE
dflv6yjt7il3n3tggf4qhcmkzbti2ppytqx3o7pjrzwgntutpewscyid.onion,onion,false,false,false,US
kphht2jcflojtqte4b4kyx7p2ahagv4debjj32nre67dxz7y57seqwyd.onion,onion,false,false,false,NL
